{"train_loss": 0.04786381497979164, "train_loss_aux": 0.0, "train_corr": 0.05060787747801583, "epoch": 9, "trainer/global_step": 1499, "_timestamp": 1651193785, "_runtime": 548, "_step": 47, "val_loss": 0.050257593393325806, "val_corr": -0.00011418947283925806, "val/mae": 0.050258029252290726, "val/payout": -0.0005613839034044754, "val/spearman": -0.00011227678068089499, "val/sharpe": -0.007698957542686506, "train/mae": 0.049916576594114304, "train/payout": 0.16632784910575585, "train/spearman": 0.03466459199824958, "train/sharpe": 0.9940667725346585, "_wandb": {"runtime": 564}}