{"train_loss": 0.050102755427360535, "train_loss_aux": 0.0, "train_corr": 0.06267130081065038, "epoch": 13, "trainer/global_step": 2127, "_timestamp": 1649631890, "_runtime": 300, "_step": 69, "val_loss": 0.05001695081591606, "val_corr": 0.015107359954085865, "val/mae": 0.050017401576042175, "val/payout": 0.07551303922875346, "val/spearman": 0.015102607845750694, "val/sharpe": 0.4693734002982044, "train/mae": 0.049837756901979446, "train/payout": 0.21906996059899922, "train/spearman": 0.04381399211979985, "train/sharpe": 1.7366062543748821, "_wandb": {"runtime": 298}}