{"train_loss": 0.9664143323898315, "train_loss_aux": 0.27508634328842163, "train_corr": 0.03881095083276025, "epoch": 4, "trainer/global_step": 759, "_timestamp": 1649608551, "_runtime": 194, "_step": 24, "val_loss": 0.05001986771821976, "val_corr": 0.010733642845899985, "val/mae": 0.0500202439725399, "val/payout": 0.05376637990650795, "val/spearman": 0.010753275981301592, "val/sharpe": 0.34778748561779177, "train/mae": 1.2852576971054077, "train/payout": 0.15152958920686696, "train/spearman": 0.030305917841373393, "train/sharpe": 1.234369256148084, "_wandb": {"runtime": 192}}