{"train_loss": 0.050742968916893005, "train_loss_aux": 0.0, "train_corr": 0.0413749915246671, "epoch": 4, "trainer/global_step": 759, "_timestamp": 1651146585, "_runtime": 297, "_step": 24, "val_loss": 0.05006130412220955, "val_corr": 0.0063818540683966115, "val/mae": 0.05006173253059387, "val/payout": 0.03190421002055963, "val/spearman": 0.006380842004111929, "val/sharpe": 0.19583147662613679, "train/mae": 0.04990948364138603, "train/payout": 0.13106937246186937, "train/spearman": 0.02621387449237388, "train/sharpe": 1.0711928696036521, "_wandb": {"runtime": 295}}