{"train_loss": 0.05005624517798424, "train_loss_aux": 0.0, "train_corr": 0.028288256284246454, "epoch": 8, "trainer/global_step": 548, "_timestamp": 1651153018, "_runtime": 501, "_step": 27, "val_loss": 0.05001102015376091, "val_corr": 0.007248486509731792, "val/mae": 0.050011176615953445, "val/payout": 0.03627786193316889, "val/spearman": 0.007255572386633778, "val/sharpe": 0.25023824508398007, "train/mae": 0.04994865506887436, "train/payout": 0.15198603659995674, "train/spearman": 0.030397207319991352, "train/sharpe": 1.8069680581300311, "_wandb": {"runtime": 500}}