{"train_loss": 0.049325697124004364, "train_loss_aux": 0.0, "train_corr": 0.010710605837040699, "epoch": 9, "trainer/global_step": 609, "_timestamp": 1651152506, "_runtime": 555, "_step": 31, "val_loss": 0.050014421343803406, "val_corr": 0.007341686216297858, "val/mae": 0.05001458898186684, "val/payout": 0.036744908307630365, "val/spearman": 0.007348981661526072, "val/sharpe": 0.2551412734389321, "train/mae": 0.049947671592235565, "train/payout": 0.15391032081185077, "train/spearman": 0.03078206416237016, "train/sharpe": 1.8393354225261438, "_wandb": {"runtime": 552}}