{"train_loss": 0.971406102180481, "train_loss_aux": 0.17595581710338593, "train_corr": 0.06427989169188805, "epoch": 1, "trainer/global_step": 303, "_timestamp": 1649606061, "_runtime": 54, "_step": 9, "val_loss": 0.04999786242842674, "val_corr": 0.01583247835907771, "val/mae": 0.04999823123216629, "val/payout": 0.07923413133306269, "val/spearman": 0.015846826266612535, "val/sharpe": 0.46154749617383456, "train/mae": 1.245876669883728, "train/payout": 0.23095820948318185, "train/spearman": 0.04619164189663637, "train/sharpe": 1.8263655403748449, "_wandb": {"runtime": 52}}