{"train_loss": 0.048883695155382156, "train_loss_aux": 0.0, "train_corr": 0.10866658385041553, "epoch": 13, "trainer/global_step": 1999, "_timestamp": 1651244489, "_runtime": 718, "_step": 65, "val_loss": 0.05067633092403412, "val_corr": 0.011230053951125273, "val/mae": 0.05067678168416023, "val/payout": 0.05614684569234864, "val/spearman": 0.011229369138469726, "val/sharpe": 0.43893326265182875, "train/mae": 0.04935957118868828, "train/payout": 0.4620639243357645, "train/spearman": 0.0955925914024971, "train/sharpe": 1.793647304775765, "_wandb": {"runtime": 724}}