{"train_loss": 0.05034726485610008, "train_loss_aux": 0.0, "train_corr": 0.018150705924907366, "epoch": 14, "trainer/global_step": 2127, "_timestamp": 1649633670, "_runtime": 268, "_step": 69, "val_loss": 0.050056178122758865, "val_corr": 0.006747565660557973, "val/mae": 0.050056569278240204, "val/payout": 0.033769259498836676, "val/spearman": 0.006753851899767335, "val/sharpe": 0.2339640781537088, "train/mae": 0.04988974332809448, "train/payout": 0.15817828661226832, "train/spearman": 0.03213603202870222, "train/sharpe": 1.1391174120420438, "_wandb": {"runtime": 267}}