{"train_loss": 0.050067491829395294, "train_loss_aux": 0.0, "train_corr": 0.01890702479278497, "epoch": 2, "trainer/global_step": 399, "_timestamp": 1651242269, "_runtime": 169, "_step": 11, "val_loss": 0.05001458898186684, "val_corr": 0.012211984756430535, "val/mae": 0.05001501739025116, "val/payout": 0.06106196301509062, "val/spearman": 0.012212392603018124, "val/sharpe": 0.37835553428391044, "train/mae": 0.04989239573478699, "train/payout": 0.16049134209914986, "train/spearman": 0.032098268419829976, "train/sharpe": 1.3672745308839311, "_wandb": {"runtime": 168}}