{"train_loss": 0.04757844656705856, "train_loss_aux": 0.0, "train_corr": 0.0842444936061567, "epoch": 9, "trainer/global_step": 1519, "_timestamp": 1651264169, "_runtime": 570, "_step": 49, "val_loss": 0.05023883655667305, "val_corr": 0.0018816013053745415, "val/mae": 0.05023927986621857, "val/payout": 0.009405455005403806, "val/spearman": 0.0018810910010807612, "val/sharpe": 0.1239691467373039, "train/mae": 0.04957796260714531, "train/payout": 0.4001465696247436, "train/spearman": 0.08185053530751203, "train/sharpe": 2.28581024813466, "_wandb": {"runtime": 570}}