{"train_loss": 0.03248215839266777, "train_loss_aux": 0.0, "train_corr": 0.46893830856819996, "epoch": 24, "trainer/global_step": 3799, "_timestamp": 1651194924, "_runtime": 1107, "_step": 125, "val_loss": 0.05026521906256676, "val_corr": 0.0006924807891528819, "val/mae": 0.05026571825146675, "val/payout": 0.003412497434182907, "val/spearman": 0.0006824994868365816, "val/sharpe": 0.04109177256076864, "train/mae": 0.049634236842393875, "train/payout": 0.39746119930586626, "train/spearman": 0.08126157083859563, "train/sharpe": 2.2504687280986064, "_wandb": {"runtime": 1111}}