{"train_loss": 1.6465967893600464, "train_loss_aux": 0.17414358258247375, "train_corr": 0.04948118459164243, "epoch": 3, "trainer/global_step": 607, "_timestamp": 1649606349, "_runtime": 138, "_step": 19, "val_loss": 0.050042711198329926, "val_corr": 0.009736007782226412, "val/mae": 0.05004311352968216, "val/payout": 0.04870909633708706, "val/spearman": 0.009741819267417413, "val/sharpe": 0.3378545430719754, "train/mae": 1.8877158164978027, "train/payout": 0.14610550688820395, "train/spearman": 0.029221101377640796, "train/sharpe": 1.182745542574897, "_wandb": {"runtime": 136}}