{"train_loss": 0.050460729748010635, "train_loss_aux": 0.0, "train_corr": 0.08365152673791057, "epoch": 14, "trainer/global_step": 2279, "_timestamp": 1651240248, "_runtime": 885, "_step": 74, "val_loss": 0.05054933950304985, "val_corr": 0.013993569345633455, "val/mae": 0.05054964870214462, "val/payout": 0.07000496663034894, "val/spearman": 0.014000993326069787, "val/sharpe": 0.5136971134504138, "train/mae": 0.04956953600049019, "train/payout": 0.3900593435230926, "train/spearman": 0.08077655199883522, "train/sharpe": 1.6282858057305074, "_wandb": {"runtime": 883}}