{"train_loss": 0.04840798303484917, "train_loss_aux": 0.0, "train_corr": 0.034508415176710404, "epoch": 11, "trainer/global_step": 7049, "_timestamp": 1651235297, "_runtime": 710, "_step": 162, "val_loss": 0.050453756004571915, "val_corr": 0.013926681277720657, "val/mae": 0.050453294068574905, "val/payout": 0.06950425608542492, "val/spearman": 0.013900851217084984, "val/sharpe": 0.34083562976007953, "train/mae": 0.049760639667510986, "train/payout": 0.3327525887760204, "train/spearman": 0.06673963860921665, "train/sharpe": 1.6099935732484656, "_wandb": {"runtime": 710}}