{"train_loss": 0.05168934166431427, "train_loss_aux": 0.0, "train_corr": 0.044008053290335906, "epoch": 7, "trainer/global_step": 4839, "_timestamp": 1651235860, "_runtime": 508, "_step": 111, "val_loss": 0.05009027570486069, "val_corr": 0.014580046232597253, "val/mae": 0.050089795142412186, "val/payout": 0.07282457750326041, "val/spearman": 0.014564915500652082, "val/sharpe": 0.3565905052478828, "train/mae": 0.04986176639795303, "train/payout": 0.29198681853999625, "train/spearman": 0.058505300054374355, "train/sharpe": 1.488852826077334, "_wandb": {"runtime": 506}}