{"train_loss": 0.8214184641838074, "train_loss_aux": 0.09838955104351044, "train_corr": 0.0362752422058041, "epoch": 3, "trainer/global_step": 607, "_timestamp": 1649615780, "_runtime": 146, "_step": 19, "val_loss": 0.05002917721867561, "val_corr": 0.01235176403150111, "val/mae": 0.05002955347299576, "val/payout": 0.061810939132564774, "val/spearman": 0.012362187826512954, "val/sharpe": 0.4158491372218422, "train/mae": 0.9588146209716797, "train/payout": 0.1470524785078058, "train/spearman": 0.029717460715920775, "train/sharpe": 1.0921898949997972, "_wandb": {"runtime": 145}}