{"train_loss": 0.052169714123010635, "train_loss_aux": 0.0, "train_corr": -0.047078145307534895, "epoch": 5, "trainer/global_step": 12083, "_timestamp": 1651149008, "_runtime": 445, "_step": 252, "val_loss": 0.05000337213277817, "val_corr": 0.0021064450359510275, "val/mae": 0.050003089010715485, "val/payout": 0.010525080332367142, "val/spearman": 0.0021050160664734287, "val/sharpe": 0.03684909471902747, "train/mae": 0.05006024241447449, "train/payout": 0.00463938892194229, "train/spearman": 0.0009622444145335625, "train/sharpe": 0.016242151010777462, "_wandb": {"runtime": 443}}