{"train_loss": 0.8765850067138672, "train_loss_aux": 0.1015917956829071, "train_corr": 0.035707112100451965, "epoch": 4, "trainer/global_step": 759, "_timestamp": 1649626081, "_runtime": 207, "_step": 24, "val_loss": 0.05001204088330269, "val_corr": 0.008780740927697372, "val/mae": 0.050012458115816116, "val/payout": 0.043972839428849275, "val/spearman": 0.008794567885769855, "val/sharpe": 0.2917584893527859, "train/mae": 1.004256248474121, "train/payout": 0.142565395114611, "train/spearman": 0.028513079022922192, "train/sharpe": 1.2373367766602765, "_wandb": {"runtime": 205}}