{"train_loss": 0.05015880987048149, "train_loss_aux": 0.0, "train_corr": 0.09699795194191192, "epoch": 14, "trainer/global_step": 2279, "_timestamp": 1651243765, "_runtime": 816, "_step": 74, "val_loss": 0.05078525468707085, "val_corr": 0.009999848836182032, "val/mae": 0.050785623490810394, "val/payout": 0.050001145164753596, "val/spearman": 0.010000229032950721, "val/sharpe": 0.43528499179446106, "train/mae": 0.04929916933178902, "train/payout": 0.4770687627308606, "train/spearman": 0.09886716303589577, "train/sharpe": 1.7625101552069835, "_wandb": {"runtime": 813}}