{"train_loss": 0.05022086203098297, "train_loss_aux": 0.0, "train_corr": 0.023302777818305788, "epoch": 6, "trainer/global_step": 1063, "_timestamp": 1651331127, "_runtime": 1241, "_step": 34, "val_loss": 0.05004630610346794, "val_corr": 0.0005218949601297011, "val/mae": 0.050046734511852264, "val/payout": 0.0025660263656391816, "val/spearman": 0.0005132052731278365, "val/sharpe": 0.034985990561409684, "train/mae": 0.04994252696633339, "train/payout": 0.019189943560812637, "train/spearman": 0.0038379887121625274, "train/sharpe": 0.23168735892963832, "_wandb": {"runtime": 1256}}