{"train_loss": 0.04955926164984703, "train_loss_aux": 0.0, "train_corr": 0.006587596222992999, "epoch": 1, "trainer/global_step": 199, "_timestamp": 1651320916, "_runtime": 373, "_step": 5, "val_loss": 0.05001309514045715, "val_corr": 0.0031288082666740325, "val/mae": 0.050013523548841476, "val/payout": 0.0155081980501352, "val/spearman": 0.00310163961002704, "val/sharpe": 0.09847599238028225, "train/mae": 0.051607102155685425, "train/payout": 0.03708992447047547, "train/spearman": 0.007417984894095094, "train/sharpe": 0.3821849272557253, "_wandb": {"runtime": 391}}