{"train_loss": 0.9734921455383301, "train_loss_aux": 0.0984799861907959, "train_corr": 0.024403992235009705, "epoch": 3, "trainer/global_step": 607, "_timestamp": 1649626253, "_runtime": 168, "_step": 19, "val_loss": 0.050005488097667694, "val_corr": 0.008250515081357667, "val/mae": 0.05000591650605202, "val/payout": 0.04127528956152111, "val/spearman": 0.008255057912304225, "val/sharpe": 0.2765655515229309, "train/mae": 1.1201499700546265, "train/payout": 0.1245331855544587, "train/spearman": 0.024906637110891743, "train/sharpe": 1.2131484376591144, "_wandb": {"runtime": 166}}