{"train_loss": 0.050397440791130066, "train_loss_aux": 0.0, "train_corr": 0.0904785564401031, "epoch": 14, "trainer/global_step": 2279, "_timestamp": 1651239342, "_runtime": 849, "_step": 74, "val_loss": 0.05052134394645691, "val_corr": 0.014594652382870443, "val/mae": 0.05052167922258377, "val/payout": 0.07298243694788313, "val/spearman": 0.01459648738957663, "val/sharpe": 0.5565406718458136, "train/mae": 0.04955717548727989, "train/payout": 0.39466237696892587, "train/spearman": 0.08197547995193961, "train/sharpe": 1.5601287419883596, "_wandb": {"runtime": 847}}