{"train_loss": 0.8344412446022034, "train_loss_aux": 0.2749374210834503, "train_corr": 0.050283099933391674, "epoch": 4, "trainer/global_step": 759, "_timestamp": 1649608098, "_runtime": 180, "_step": 24, "val_loss": 0.05003257468342781, "val_corr": 0.011660918808279007, "val/mae": 0.050032902508974075, "val/payout": 0.058426579482350305, "val/spearman": 0.01168531589647006, "val/sharpe": 0.3704500634647504, "train/mae": 1.1476995944976807, "train/payout": 0.17105377947549263, "train/spearman": 0.034385636241826674, "train/sharpe": 1.325267837765573, "_wandb": {"runtime": 179}}