{"train_loss": 0.048099808394908905, "train_loss_aux": 0.0, "train_corr": 0.06378411680047902, "epoch": 9, "trainer/global_step": 1519, "_timestamp": 1651192991, "_runtime": 476, "_step": 49, "val_loss": 0.05028361454606056, "val_corr": 0.0002728281421465615, "val/mae": 0.050284016877412796, "val/payout": 0.0013444059754215457, "val/spearman": 0.00026888119508430874, "val/sharpe": 0.018717418670114686, "train/mae": 0.04990759491920471, "train/payout": 0.20046523486735435, "train/spearman": 0.041357625828158676, "train/sharpe": 1.2324404757814822, "_wandb": {"runtime": 475}}