{"train_loss": 0.9288399815559387, "train_loss_aux": 0.09843874722719193, "train_corr": 0.036041573467936405, "epoch": 3, "trainer/global_step": 607, "_timestamp": 1649611978, "_runtime": 166, "_step": 19, "val_loss": 0.050030417740345, "val_corr": 0.01036822621169151, "val/mae": 0.05003080889582634, "val/payout": 0.051885327394695854, "val/spearman": 0.010377065478939169, "val/sharpe": 0.3392470732359361, "train/mae": 1.070035457611084, "train/payout": 0.1412595565953101, "train/spearman": 0.028419715701452766, "train/sharpe": 1.0830419694809388, "_wandb": {"runtime": 164}}