{"train_loss": 0.04914311319589615, "train_loss_aux": 0.0, "train_corr": 0.067626038939143, "epoch": 14, "trainer/global_step": 2199, "_timestamp": 1651256991, "_runtime": 1034, "_step": 71, "val_loss": 0.05228433012962341, "val_corr": 0.01708454529216882, "val/mae": 0.05228463187813759, "val/payout": 0.08542930196280318, "val/spearman": 0.01708586039256064, "val/sharpe": 0.6067608161464872, "train/mae": 0.04904242604970932, "train/payout": 0.5834448311823808, "train/spearman": 0.1202851125500826, "train/sharpe": 2.0250228555656666, "_wandb": {"runtime": 1040}}