{"train_loss": 0.8131402730941772, "train_loss_aux": 0.10036488622426987, "train_corr": 0.026010622530271466, "epoch": 6, "trainer/global_step": 1063, "_timestamp": 1649616481, "_runtime": 307, "_step": 34, "val_loss": 0.05002633109688759, "val_corr": 0.008072687606705662, "val/mae": 0.05002675950527191, "val/payout": 0.04040014982505969, "val/spearman": 0.00808002996501194, "val/sharpe": 0.2523817136326732, "train/mae": 0.9299055337905884, "train/payout": 0.12185122451977176, "train/spearman": 0.02437024490395435, "train/sharpe": 0.9615213020367641, "_wandb": {"runtime": 304}}