{"train_loss": 0.047750670462846756, "train_loss_aux": 0.0, "train_corr": 0.0646439689827617, "epoch": 9, "trainer/global_step": 1519, "_timestamp": 1651260609, "_runtime": 832, "_step": 49, "val_loss": 0.05070621892809868, "val_corr": 0.01536781100830454, "val/mae": 0.05070648342370987, "val/payout": 0.0768942383177249, "val/spearman": 0.015378847663544984, "val/sharpe": 0.5582240296180899, "train/mae": 0.04934680461883545, "train/payout": 0.49628839649890094, "train/spearman": 0.10302243222034946, "train/sharpe": 1.6567229066111981, "_wandb": {"runtime": 831}}