{"train_loss": 0.04667434096336365, "train_loss_aux": 0.0, "train_corr": 0.18457148832010478, "epoch": 45, "trainer/global_step": 6949, "_timestamp": 1651270246, "_runtime": 2968, "_step": 228, "val_loss": 0.05387391149997711, "val_corr": 0.007095441826692154, "val/mae": 0.05387405678629875, "val/payout": 0.035624424295446454, "val/spearman": 0.0071248848590892925, "val/sharpe": 0.3390878019217617, "train/mae": 0.04689408093690872, "train/payout": 0.9336429484261664, "train/spearman": 0.21107795362423373, "train/sharpe": 2.9942394497274205, "_wandb": {"runtime": 2968}}