{"train_loss": 0.049236081540584564, "train_loss_aux": 0.0, "train_corr": 0.04218987751720457, "epoch": 17, "trainer/global_step": 1097, "_timestamp": 1651154195, "_runtime": 980, "_step": 56, "val_loss": 0.05003118887543678, "val_corr": 0.007962839975483362, "val/mae": 0.05003130063414574, "val/payout": 0.039884244391571774, "val/spearman": 0.007976848878314359, "val/sharpe": 0.26816749612559315, "train/mae": 0.0499085895717144, "train/payout": 0.2072757073719644, "train/spearman": 0.04145514147439287, "train/sharpe": 2.2781846785516455, "_wandb": {"runtime": 979}}