{"train_loss": 0.05211608111858368, "train_loss_aux": 0.0, "train_corr": -0.06855979117175297, "epoch": 5, "trainer/global_step": 12083, "_timestamp": 1651149593, "_runtime": 436, "_step": 252, "val_loss": 0.049995534121990204, "val_corr": -0.000611957223373406, "val/mae": 0.04999520629644394, "val/payout": -0.0030476747640957856, "val/spearman": -0.0006095349528191571, "val/sharpe": -0.0108270283050216, "train/mae": 0.05006483569741249, "train/payout": -0.00468331291620766, "train/spearman": -0.0009366625832415319, "train/sharpe": -0.016611424135809596, "_wandb": {"runtime": 434}}