{"train_loss": 0.050230201333761215, "train_loss_aux": 0.0, "train_corr": 0.033814847888252335, "epoch": 31, "trainer/global_step": 4849, "_timestamp": 1651178061, "_runtime": 1478, "_step": 158, "val_loss": 0.050488535314798355, "val_corr": 0.0031212325431827868, "val/mae": 0.05048893019556999, "val/payout": 0.015534342195863528, "val/spearman": 0.0031068684391727065, "val/sharpe": 0.10535177966877246, "train/mae": 0.04996763542294502, "train/payout": 0.08670027932698159, "train/spearman": 0.01734005586539632, "train/sharpe": 0.8847401047333624, "_wandb": {"runtime": 1488}}