{"train_loss": 0.053224265575408936, "train_loss_aux": 0.0, "train_corr": 0.0020035920147284895, "epoch": 4, "trainer/global_step": 759, "_timestamp": 1651086070, "_runtime": 171, "_step": 24, "val_loss": 0.0504266619682312, "val_corr": 0.0054520910120950195, "val/mae": 0.050426993519067764, "val/payout": 0.027335683965486135, "val/spearman": 0.005467136793097228, "val/sharpe": 0.23683845203386106, "train/mae": 0.05279999598860741, "train/payout": 0.0325167116531479, "train/spearman": 0.006503342330629579, "train/sharpe": 0.2911795678808781, "_wandb": {"runtime": 169}}