{"train_loss": 0.04859473556280136, "train_loss_aux": 0.0, "train_corr": -0.003745839168385975, "epoch": 12, "trainer/global_step": 1949, "_timestamp": 1651171653, "_runtime": 1150, "_step": 62, "val_loss": 0.04998701065778732, "val_corr": 0.004278971410150567, "val/mae": 0.049987439066171646, "val/payout": 0.021441670343823785, "val/spearman": 0.004288334068764757, "val/sharpe": 0.19401592126744882, "train/mae": 0.04992854595184326, "train/payout": 0.039951231910818084, "train/spearman": 0.007990246382163618, "train/sharpe": 0.47239560630224664}