{"train_loss": 0.05075506493449211, "train_loss_aux": 0.0, "train_corr": 0.07497981499799365, "epoch": 10, "trainer/global_step": 1649, "_timestamp": 1651248511, "_runtime": 917, "_step": 52, "val_loss": 0.05271537974476814, "val_corr": 0.01980899449028629, "val/mae": 0.05271558463573456, "val/payout": 0.09904090935941558, "val/spearman": 0.01980818187188312, "val/sharpe": 0.7113807719799281, "train/mae": 0.049268532544374466, "train/payout": 0.5258244882288832, "train/spearman": 0.10879756589871445, "train/sharpe": 1.810945645560081, "_wandb": {"runtime": 931}}