{"train_loss": 0.2977868616580963, "train_loss_aux": 0.0, "train_corr": 0.012034972896239685, "epoch": 15, "trainer/global_step": 2299, "_timestamp": 1651278757, "_runtime": 1212, "_step": 75, "val_loss": 0.30290481448173523, "val_corr": 0.0017360374686918934, "val/mae": 0.3028838634490967, "val/payout": 0.008732861821187682, "val/spearman": 0.001746572364237537, "val/sharpe": 0.11230602507990728, "train/mae": 0.304884135723114, "train/payout": -0.011664776774942452, "train/spearman": -0.0023329553549884907, "train/sharpe": -0.1290612109876457, "_wandb": {"runtime": 1212}}