{"train_loss": 1.094304084777832, "train_loss_aux": 0.0, "train_corr": 0.06453279475709175, "epoch": 49, "trainer/global_step": 7599, "_timestamp": 1651182189, "_runtime": 1977, "_step": 251, "val_loss": 1.3328667879104614, "val_corr": 0.0004584160191033387, "val/mae": 1.3324122428894043, "val/payout": 0.002225092841375148, "val/spearman": 0.0004450185682750295, "val/sharpe": 0.02432059563861399, "train/mae": 1.0851125717163086, "train/payout": -0.00041143421343501274, "train/spearman": -8.22868426870029e-05, "train/sharpe": -0.005257571320046461, "_wandb": {"runtime": 1977}}