{"train_loss": 0.050914157181978226, "train_loss_aux": 0.0, "train_corr": 0.021386274013544853, "epoch": 6, "trainer/global_step": 999, "_timestamp": 1651254937, "_runtime": 575, "_step": 31, "val_loss": 0.06271886825561523, "val_corr": 0.010410339232091215, "val/mae": 0.06271960586309433, "val/payout": 0.052116923327579334, "val/spearman": 0.010423384665515869, "val/sharpe": 0.3196167024423948, "train/mae": 0.04988601803779602, "train/payout": 0.14275877035816242, "train/spearman": 0.02855175407163249, "train/sharpe": 1.335350340334423, "_wandb": {"runtime": 582}}