{"train_loss": 0.050397418439388275, "train_loss_aux": 0.0, "train_corr": 0.09239784803219267, "epoch": 14, "trainer/global_step": 2279, "_timestamp": 1651254357, "_runtime": 1291, "_step": 74, "val_loss": 0.06432057172060013, "val_corr": 0.01838889817187343, "val/mae": 0.06432129442691803, "val/payout": 0.0919796563691428, "val/spearman": 0.01839593127382856, "val/sharpe": 0.5562895306139646, "train/mae": 0.04954292252659798, "train/payout": 0.40157472712617914, "train/spearman": 0.08246401982209868, "train/sharpe": 1.8593181038619835, "_wandb": {"runtime": 1289}}