{"train_loss": 0.3351871967315674, "train_loss_aux": 0.274403840303421, "train_corr": 0.014753164584694327, "epoch": 8, "trainer/global_step": 1367, "_timestamp": 1649607372, "_runtime": 343, "_step": 44, "val_loss": 0.050063606351614, "val_corr": 0.015444994609875525, "val/mae": 0.05006399750709534, "val/payout": 0.07727179529968264, "val/spearman": 0.015454359059936529, "val/sharpe": 0.49541081791247576, "train/mae": 0.6354813575744629, "train/payout": 0.23741746668484973, "train/spearman": 0.049278769516962785, "train/sharpe": 1.2231326196995718, "_wandb": {"runtime": 341}}