{"train_loss": 0.05019117891788483, "train_loss_aux": 0.0, "train_corr": 0.057447320513017354, "epoch": 15, "trainer/global_step": 975, "_timestamp": 1651155111, "_runtime": 908, "_step": 50, "val_loss": 0.050029199570417404, "val_corr": 0.008054238621872151, "val/mae": 0.05002932250499725, "val/payout": 0.040342889502504205, "val/spearman": 0.008068577900500841, "val/sharpe": 0.268858008781802, "train/mae": 0.04990861937403679, "train/payout": 0.20657033248841658, "train/spearman": 0.04131406649768332, "train/sharpe": 2.2663959272890026, "_wandb": {"runtime": 906}}