{"train_loss": 0.052115876227617264, "train_loss_aux": 0.0, "train_corr": -0.06855979117175297, "epoch": 5, "trainer/global_step": 12083, "_timestamp": 1651148555, "_runtime": 435, "_step": 252, "val_loss": 0.0499940924346447, "val_corr": -0.000611957223373406, "val/mae": 0.04999377578496933, "val/payout": -0.0030476747640957856, "val/spearman": -0.0006095349528191571, "val/sharpe": -0.0108270283050216, "train/mae": 0.050064537674188614, "train/payout": -0.004290454139857018, "train/spearman": -0.0008580908279714036, "train/sharpe": -0.015168450046551143, "_wandb": {"runtime": 434}}