{"train_loss": 0.051589228212833405, "train_loss_aux": 0.0, "train_corr": 0.05261851936466686, "epoch": 9, "trainer/global_step": 1399, "_timestamp": 1651179025, "_runtime": 467, "_step": 45, "val_loss": 0.05056494474411011, "val_corr": 0.007315815602991263, "val/mae": 0.05056523531675339, "val/payout": 0.036650604758919125, "val/spearman": 0.007330120951783825, "val/sharpe": 0.21895032384104085, "train/mae": 0.04988836124539375, "train/payout": 0.20211544754640942, "train/spearman": 0.04115461238388553, "train/sharpe": 1.2826124681458029, "_wandb": {"runtime": 468}}