{"train_loss": 0.05090206861495972, "train_loss_aux": 0.0, "train_corr": -0.010624449704253525, "epoch": 7, "trainer/global_step": 1099, "_timestamp": 1651323824, "_runtime": 1441, "_step": 35, "val_loss": 0.1004076823592186, "val_corr": 0.0006236768617840053, "val/mae": 0.1004088819026947, "val/payout": 0.0030458881356520175, "val/spearman": 0.0006091776271304026, "val/sharpe": 0.01932064048486633, "train/mae": 0.04996801167726517, "train/payout": 0.07270425268492202, "train/spearman": 0.0145408505369844, "train/sharpe": 0.6173202043042624, "_wandb": {"runtime": 1471}}