{"train_loss": 0.050851915031671524, "train_loss_aux": 0.0, "train_corr": -0.013220489639849795, "epoch": 4, "trainer/global_step": 749, "_timestamp": 1651175511, "_runtime": 304, "_step": 22, "val_loss": 0.049987729638814926, "val_corr": -0.00035570897518300644, "val/mae": 0.04998817294836044, "val/payout": -0.0018317310203783078, "val/spearman": -0.0003663462040756614, "val/sharpe": -0.01373913297238442, "train/mae": 0.049943048506975174, "train/payout": 0.011297368055823997, "train/spearman": 0.0022594736111647994, "train/sharpe": 0.13186669253029001, "_wandb": {"runtime": 307}}