{"train_loss": 0.05036839842796326, "train_loss_aux": 0.0, "train_corr": 0.014088769887951784, "epoch": 14, "trainer/global_step": 2127, "_timestamp": 1649633956, "_runtime": 276, "_step": 69, "val_loss": 0.050047989934682846, "val_corr": 0.0071623773375875865, "val/mae": 0.05004839226603508, "val/payout": 0.03584289017600254, "val/spearman": 0.007168578035200507, "val/sharpe": 0.2510249189777019, "train/mae": 0.04989932104945183, "train/payout": 0.15219656091812683, "train/spearman": 0.030916100342082597, "train/sharpe": 1.109399372603689, "_wandb": {"runtime": 274}}