{"train_loss": 0.0495770089328289, "train_loss_aux": 0.0, "train_corr": 0.06918093234943314, "epoch": 45, "trainer/global_step": 2749, "_timestamp": 1651165990, "_runtime": 3269, "_step": 144, "val_loss": 0.05004900321364403, "val_corr": 0.007853239798718395, "val/mae": 0.05004914104938507, "val/payout": 0.03931668967673753, "val/spearman": 0.007863337935347506, "val/sharpe": 0.270441005420466, "train/mae": 0.04988810047507286, "train/payout": 0.2371263724865611, "train/spearman": 0.04742527449731221, "train/sharpe": 2.4490455779050113, "_wandb": {"runtime": 3270}}