{"train_loss": 0.05079662427306175, "train_loss_aux": 0.0, "train_corr": 0.052307468193668126, "epoch": 6, "trainer/global_step": 999, "_timestamp": 1651264602, "_runtime": 367, "_step": 31, "val_loss": 0.050101201981306076, "val_corr": 0.0008962879081132661, "val/mae": 0.05010159686207771, "val/payout": 0.00450022616913541, "val/spearman": 0.0009000452338270822, "val/sharpe": 0.06006361231820115, "train/mae": 0.0498543381690979, "train/payout": 0.19156833217441102, "train/spearman": 0.039257468239607865, "train/sharpe": 1.3551230718059428}