{"train_loss": 0.04753510281443596, "train_loss_aux": 0.0, "train_corr": 0.09510776270690871, "epoch": 9, "trainer/global_step": 1519, "_timestamp": 1651265257, "_runtime": 530, "_step": 49, "val_loss": 0.05020773783326149, "val_corr": 0.0016220618901597185, "val/mae": 0.05020824447274208, "val/payout": 0.008037989413836811, "val/spearman": 0.0016075978827673621, "val/sharpe": 0.0989181350759912, "train/mae": 0.04963218420743942, "train/payout": 0.35524397931394347, "train/spearman": 0.07232516799137216, "train/sharpe": 2.1534322314768577, "_wandb": {"runtime": 528}}