{"train_loss": 0.04945122450590134, "train_loss_aux": 0.0, "train_corr": 0.041211256994487584, "epoch": 1, "trainer/global_step": 199, "_timestamp": 1651252221, "_runtime": 127, "_step": 5, "val_loss": 0.05003468319773674, "val_corr": 0.008307452986571035, "val/mae": 0.05003513768315315, "val/payout": 0.04155029101413369, "val/spearman": 0.008310058202826738, "val/sharpe": 0.2763513397871246, "train/mae": 0.059284862130880356, "train/payout": 0.03528214422471972, "train/spearman": 0.0070564288449439455, "train/sharpe": 0.3951063908574373, "_wandb": {"runtime": 134}}