{"train_loss": 0.8098868131637573, "train_loss_aux": 0.09835511445999146, "train_corr": 0.047416216392490065, "epoch": 3, "trainer/global_step": 607, "_timestamp": 1649610214, "_runtime": 162, "_step": 19, "val_loss": 0.05006909742951393, "val_corr": 0.010874570693173491, "val/mae": 0.050069499760866165, "val/payout": 0.05438250012911945, "val/spearman": 0.010876500025823892, "val/sharpe": 0.4033538694060034, "train/mae": 0.950596034526825, "train/payout": 0.15872622622731108, "train/spearman": 0.03225977188038559, "train/sharpe": 1.1037143160455858, "_wandb": {"runtime": 159}}