{"train_loss": 0.05093584582209587, "train_loss_aux": 0.0, "train_corr": 0.015366732462022187, "epoch": 7, "trainer/global_step": 1099, "_timestamp": 1651329042, "_runtime": 1668, "_step": 35, "val_loss": 0.05362163484096527, "val_corr": 0.006232466137257921, "val/mae": 0.05362221226096153, "val/payout": 0.03111565540638416, "val/spearman": 0.006223131081276833, "val/sharpe": 0.29647810864930924, "train/mae": 0.05001432076096535, "train/payout": 0.013615395414167996, "train/spearman": 0.0027230790828336, "train/sharpe": 0.1347609307087031, "_wandb": {"runtime": 1695}}