{"train_loss": 0.2658262848854065, "train_loss_aux": 0.0, "train_corr": 0.02275287899403117, "epoch": 2, "trainer/global_step": 455, "_timestamp": 1651277496, "_runtime": 275, "_step": 14, "val_loss": 0.3025904595851898, "val_corr": -0.00010810527137752952, "val/mae": 0.302616685628891, "val/payout": -0.000516504277074939, "val/spearman": -0.00010330085541498771, "val/sharpe": -0.00729851752203235, "train/mae": 0.2993949055671692, "train/payout": 0.0032125736996466447, "train/spearman": 0.0006425147399293292, "train/sharpe": 0.031997697884902886, "_wandb": {"runtime": 282}}