{"train_loss": 0.9164906740188599, "train_loss_aux": 0.101564422249794, "train_corr": 0.03961896702757824, "epoch": 4, "trainer/global_step": 759, "_timestamp": 1649626741, "_runtime": 195, "_step": 24, "val_loss": 0.05000128597021103, "val_corr": 0.009823284805892226, "val/mae": 0.05000172182917595, "val/payout": 0.04914103706405388, "val/spearman": 0.009828207412810772, "val/sharpe": 0.33433951423301383, "train/mae": 1.0458757877349854, "train/payout": 0.14236861355199337, "train/spearman": 0.028473722710398677, "train/sharpe": 1.2373004490779798, "_wandb": {"runtime": 194}}