{"train_loss": 0.049675773829221725, "train_loss_aux": 0.0, "train_corr": 0.07920064428136507, "epoch": 9, "trainer/global_step": 1449, "_timestamp": 1651252073, "_runtime": 623, "_step": 46, "val_loss": 0.051510848104953766, "val_corr": 0.01947363576264549, "val/mae": 0.051511116325855255, "val/payout": 0.0973912855919843, "val/spearman": 0.01947825711839686, "val/sharpe": 0.6395766952396454, "train/mae": 0.04939508065581322, "train/payout": 0.473914992606909, "train/spearman": 0.09748635679134102, "train/sharpe": 1.9742375094157105, "_wandb": {"runtime": 624}}