{"train_loss": 0.05276184529066086, "train_loss_aux": 0.0, "train_corr": 0.003328143702409744, "epoch": 0, "trainer/global_step": 99, "_timestamp": 1651320204, "_runtime": 399, "_step": 1, "_wandb": {"runtime": 533}}