{"train_loss": 0.04764444753527641, "train_loss_aux": 0.0, "train_corr": 0.07646180507333568, "epoch": 9, "trainer/global_step": 1519, "_timestamp": 1651258782, "_runtime": 744, "_step": 49, "val_loss": 0.05140664801001549, "val_corr": 0.020743745946684072, "val/mae": 0.051406893879175186, "val/payout": 0.10375459125417427, "val/spearman": 0.02075091825083486, "val/sharpe": 0.7329853738177566, "train/mae": 0.04936126992106438, "train/payout": 0.4876533485879633, "train/spearman": 0.10056188100185144, "train/sharpe": 1.9162080139327187, "_wandb": {"runtime": 743}}