{"train_loss": 0.050374835729599, "train_loss_aux": 0.0, "train_corr": -0.00722871071883267, "epoch": 18, "trainer/global_step": 2735, "_timestamp": 1649632602, "_runtime": 294, "_step": 89, "val_loss": 0.05002591013908386, "val_corr": 0.0156834120176895, "val/mae": 0.05002637207508087, "val/payout": 0.07840771679822024, "val/spearman": 0.01568154335964405, "val/sharpe": 0.5242473805024565, "train/mae": 0.04983128607273102, "train/payout": 0.22626453446692404, "train/spearman": 0.04525290689338482, "train/sharpe": 1.8053956309224697, "_wandb": {"runtime": 294}}