{"train_loss": 0.3795399069786072, "train_loss_aux": 0.2741977870464325, "train_corr": 0.03137707844322506, "epoch": 8, "trainer/global_step": 1367, "_timestamp": 1649607020, "_runtime": 341, "_step": 44, "val_loss": 0.05007202923297882, "val_corr": 0.013084170598530438, "val/mae": 0.05007249489426613, "val/payout": 0.06541648852645612, "val/spearman": 0.013083297705291222, "val/sharpe": 0.4642098628861466, "train/mae": 0.6826524138450623, "train/payout": 0.23108803722797272, "train/spearman": 0.04759776038445989, "train/sharpe": 1.2862637269926311, "_wandb": {"runtime": 340}}