{"train_loss": 0.047820307314395905, "train_loss_aux": 0.0, "train_corr": 0.04197127189445494, "epoch": 10, "trainer/global_step": 1519, "_timestamp": 1649634420, "_runtime": 213, "_step": 49, "val_loss": 0.050002068281173706, "val_corr": 0.008079022913793765, "val/mae": 0.050002459436655045, "val/payout": 0.04043622832678175, "val/spearman": 0.008087245665356353, "val/sharpe": 0.2751129877183287, "train/mae": 0.04988318309187889, "train/payout": 0.1471427638337637, "train/spearman": 0.02979212549581156, "train/sharpe": 1.1205706928690544, "_wandb": {"runtime": 213}}