{"train_loss": 0.24184700846672058, "train_loss_aux": 0.0, "train_corr": -0.00318024699734768, "epoch": 2, "trainer/global_step": 399, "_timestamp": 1651263421, "_runtime": 956, "_step": 11, "val_loss": 0.34802547097206116, "val_corr": -0.003240116632136528, "val/mae": 0.34792110323905945, "val/payout": -0.01621493301190121, "val/spearman": -0.0032429866023802405, "val/sharpe": -0.1319537983754988, "train/mae": 0.3433725833892822, "train/payout": 0.019657279047242463, "train/spearman": 0.0042761593002742454, "train/sharpe": 0.15899815616875274, "_wandb": {"runtime": 1040}}