{"train_loss": 0.050392571836709976, "train_loss_aux": 0.0, "train_corr": -0.0089671574246919, "epoch": 18, "trainer/global_step": 2735, "_timestamp": 1649632292, "_runtime": 276, "_step": 89, "val_loss": 0.05003238469362259, "val_corr": 0.015219343760628933, "val/mae": 0.05003282055258751, "val/payout": 0.07610224680286465, "val/spearman": 0.015220449360572933, "val/sharpe": 0.5138011436168314, "train/mae": 0.04983237013220787, "train/payout": 0.22731808914553378, "train/spearman": 0.04546361782910676, "train/sharpe": 1.7912432875182411, "_wandb": {"runtime": 274}}