{"train_loss": 0.04989258199930191, "train_loss_aux": 0.0, "train_corr": 0.07425191075727036, "epoch": 8, "trainer/global_step": 1349, "_timestamp": 1651247569, "_runtime": 748, "_step": 42, "val_loss": 0.05215206742286682, "val_corr": 0.01994425280483162, "val/mae": 0.052152279764413834, "val/payout": 0.09974350052820018, "val/spearman": 0.01994870010564003, "val/sharpe": 0.6661730360478674, "train/mae": 0.04942892864346504, "train/payout": 0.4664775449130481, "train/spearman": 0.09606019227682631, "train/sharpe": 1.882477395509951, "_wandb": {"runtime": 754}}