{"train_loss": 0.03621333837509155, "train_loss_aux": 0.0, "train_corr": 0.34058975010687315, "epoch": 9, "trainer/global_step": 6049, "_timestamp": 1651233224, "_runtime": 579, "_step": 138, "val_loss": 0.05029187351465225, "val_corr": 0.014817520196961793, "val/mae": 0.050291478633880615, "val/payout": 0.07393547857500371, "val/spearman": 0.014787095715000743, "val/sharpe": 0.36941133748372107, "train/mae": 0.049790047109127045, "train/payout": 0.3318857455468735, "train/spearman": 0.06657278842750416, "train/sharpe": 1.5912960617381917, "_wandb": {"runtime": 583}}