{"train_loss": 0.05038094148039818, "train_loss_aux": 0.0, "train_corr": 0.08518297349501211, "epoch": 14, "trainer/global_step": 2279, "_timestamp": 1651242091, "_runtime": 888, "_step": 74, "val_loss": 0.05072946846485138, "val_corr": 0.011289997908887194, "val/mae": 0.05072978511452675, "val/payout": 0.056471382832904815, "val/spearman": 0.011294276566580963, "val/sharpe": 0.4523467714128541, "train/mae": 0.049493834376335144, "train/payout": 0.41411024653374334, "train/spearman": 0.08582023942409957, "train/sharpe": 1.6383016547471165, "_wandb": {"runtime": 885}}