{"train_loss": 0.8266017436981201, "train_loss_aux": 0.2726132273674011, "train_corr": 0.048090392166463256, "epoch": 3, "trainer/global_step": 607, "_timestamp": 1649609291, "_runtime": 153, "_step": 19, "val_loss": 0.05005473271012306, "val_corr": 0.009631253570930363, "val/mae": 0.05005515366792679, "val/payout": 0.048159664727236644, "val/spearman": 0.009631932945447327, "val/sharpe": 0.3225201012600877, "train/mae": 1.1520235538482666, "train/payout": 0.16268245747897978, "train/spearman": 0.03267835067561624, "train/sharpe": 1.2558461252562323, "_wandb": {"runtime": 151}}