{"train_loss": 0.4997424781322479, "train_loss_aux": 0.0, "train_corr": 0.00038154631807620814, "epoch": 8, "trainer/global_step": 1349, "_timestamp": 1651170366, "_runtime": 505, "_step": 42, "val_loss": 0.7230785489082336, "val_corr": -0.00079560514539483, "val/mae": 0.7233640551567078, "val/payout": -0.004001157169097738, "val/spearman": -0.0008002314338195478, "val/sharpe": -0.051795224446176256, "train/mae": 1.0452022552490234, "train/payout": 0.004004371885465566, "train/spearman": 0.0008008743770931132, "train/sharpe": 0.054365233880211854, "_wandb": {"runtime": 527}}