{"train_loss": 0.04956010729074478, "train_loss_aux": 0.0, "train_corr": 0.009692232532559608, "epoch": 1, "trainer/global_step": 199, "_timestamp": 1651321480, "_runtime": 312, "_step": 5, "val_loss": 0.04999018833041191, "val_corr": 0.0010426292546417764, "val/mae": 0.04999062791466713, "val/payout": 0.005081495635606002, "val/spearman": 0.0010162991271212007, "val/sharpe": 0.035525165187629826, "train/mae": 0.05750087648630142, "train/payout": 0.03569784020629717, "train/spearman": 0.007139568041259434, "train/sharpe": 0.3680265006434015, "_wandb": {"runtime": 344}}