{"train_loss": 0.050104156136512756, "train_loss_aux": 0.0, "train_corr": 0.06241311668569243, "epoch": 13, "trainer/global_step": 2127, "_timestamp": 1649632200, "_runtime": 297, "_step": 69, "val_loss": 0.05001749098300934, "val_corr": 0.015196551404658717, "val/mae": 0.05001794546842575, "val/payout": 0.07595416273084268, "val/spearman": 0.015190832546168539, "val/sharpe": 0.46996945097537896, "train/mae": 0.049841247498989105, "train/payout": 0.216576085830248, "train/spearman": 0.0433152171660496, "train/sharpe": 1.723775192291632, "_wandb": {"runtime": 294}}