{"train_loss": 0.04922845587134361, "train_loss_aux": 0.0, "train_corr": 0.03499372284384491, "epoch": 3, "trainer/global_step": 607, "_timestamp": 1651144961, "_runtime": 167, "_step": 19, "val_loss": 0.05000148341059685, "val_corr": 0.005160050425776353, "val/mae": 0.050001926720142365, "val/payout": 0.025782847659784006, "val/spearman": 0.005156569531956801, "val/sharpe": 0.15976575843216553, "train/mae": 0.049911946058273315, "train/payout": 0.11904699465510082, "train/spearman": 0.023809398931020163, "train/sharpe": 0.9959836712134044, "_wandb": {"runtime": 166}}