{"train_loss": 0.05011506751179695, "train_loss_aux": 0.0, "train_corr": -0.009361085145699765, "epoch": 2, "trainer/global_step": 399, "_timestamp": 1651322130, "_runtime": 589, "_step": 11, "val_loss": 0.0513947494328022, "val_corr": -0.00024387147296316518, "val/mae": 0.051395103335380554, "val/payout": -0.001281765389096606, "val/spearman": -0.00025635307781932126, "val/sharpe": -0.008494330490112507, "train/mae": 0.049922965466976166, "train/payout": 0.06892491578817082, "train/spearman": 0.013784983157634165, "train/sharpe": 0.7453423742132714, "_wandb": {"runtime": 598}}