{"train_loss": 0.050166163593530655, "train_loss_aux": 0.0, "train_corr": -0.01389314443916685, "epoch": 8, "trainer/global_step": 1349, "_timestamp": 1651332692, "_runtime": 1529, "_step": 42, "val_loss": 0.05005151778459549, "val_corr": 0.0019562343427276616, "val/mae": 0.050051938742399216, "val/payout": 0.009748981965180755, "val/spearman": 0.0019497963930361505, "val/sharpe": 0.1092642725402097, "train/mae": 0.04994329437613487, "train/payout": 0.05881803671327364, "train/spearman": 0.01176360734265473, "train/sharpe": 0.6319495212620885, "_wandb": {"runtime": 1544}}