{"train_loss": 0.049591340124607086, "train_loss_aux": 0.0, "train_corr": 0.03783489235335907, "epoch": 5, "trainer/global_step": 911, "_timestamp": 1651145570, "_runtime": 338, "_step": 29, "val_loss": 0.05006022751331329, "val_corr": 0.007724301113825457, "val/mae": 0.050060614943504333, "val/payout": 0.03864605176895776, "val/spearman": 0.007729210353791553, "val/sharpe": 0.24172861356895295, "train/mae": 0.049886304885149, "train/payout": 0.16541137804733022, "train/spearman": 0.033186396312820186, "train/sharpe": 1.2546822423109631, "_wandb": {"runtime": 336}}