{"train_loss": 1.4205176830291748, "train_loss_aux": 0.27518096566200256, "train_corr": 0.04547198181173537, "epoch": 4, "trainer/global_step": 759, "_timestamp": 1649607621, "_runtime": 183, "_step": 24, "val_loss": 0.05001702159643173, "val_corr": 0.010127721452797273, "val/mae": 0.05001741275191307, "val/payout": 0.0507007079548265, "val/spearman": 0.010140141590965296, "val/sharpe": 0.32892683697845443, "train/mae": 1.7534188032150269, "train/payout": 0.1435057270096779, "train/spearman": 0.02870114540193558, "train/sharpe": 1.152893543495474, "_wandb": {"runtime": 181}}