{"train_loss": 0.8987874984741211, "train_loss_aux": 0.2727041244506836, "train_corr": 0.043347014352983916, "epoch": 3, "trainer/global_step": 607, "_timestamp": 1649609134, "_runtime": 162, "_step": 19, "val_loss": 0.05006995424628258, "val_corr": 0.008122869460928935, "val/mae": 0.05007035285234451, "val/payout": 0.04066511586466421, "val/spearman": 0.008133023172932843, "val/sharpe": 0.2649150647131619, "train/mae": 1.2210631370544434, "train/payout": 0.1605157549676457, "train/spearman": 0.032558711258974166, "train/sharpe": 1.1273412774462384, "_wandb": {"runtime": 160}}