{"train_loss": 0.05047602951526642, "train_loss_aux": 0.0, "train_corr": 0.08122263344932273, "epoch": 14, "trainer/global_step": 2279, "_timestamp": 1651238484, "_runtime": 854, "_step": 74, "val_loss": 0.05088822543621063, "val_corr": 0.013366579912820298, "val/mae": 0.05088848993182182, "val/payout": 0.0669021470130938, "val/spearman": 0.013380429402618759, "val/sharpe": 0.4777880914530313, "train/mae": 0.049566853791475296, "train/payout": 0.39386468684090753, "train/spearman": 0.081516392769386, "train/sharpe": 1.6311397256758415, "_wandb": {"runtime": 852}}