{"train_loss": 0.04955398663878441, "train_loss_aux": 0.0, "train_corr": 0.01159527806431449, "epoch": 1, "trainer/global_step": 199, "_timestamp": 1651265404, "_runtime": 102, "_step": 5, "val_loss": 0.04999944567680359, "val_corr": -9.388219778266163e-05, "val/mae": 0.049999866634607315, "val/payout": -0.0004239001196547323, "val/spearman": -8.478002393094656e-05, "val/sharpe": -0.005580824738705849, "train/mae": 0.05159548297524452, "train/payout": -0.016045267913032468, "train/spearman": -0.003343836798089367, "train/sharpe": -0.14759169162081642, "_wandb": {"runtime": 108}}