{"train_loss": 0.050545819103717804, "train_loss_aux": 0.0, "train_corr": 0.033910137025135144, "epoch": 8, "trainer/global_step": 1299, "_timestamp": 1651249195, "_runtime": 629, "_step": 41, "val_loss": 0.050293318927288055, "val_corr": 0.01623515850658421, "val/mae": 0.05029354616999626, "val/payout": 0.081266932196975, "val/spearman": 0.016253386439395005, "val/sharpe": 0.5148864935173826, "train/mae": 0.0506298653781414, "train/payout": 0.2169286330110885, "train/spearman": 0.04483192187489878, "train/sharpe": 1.1861097666370364, "_wandb": {"runtime": 631}}