{"train_loss": 0.05079337954521179, "train_loss_aux": 0.0, "train_corr": 0.013748735494389914, "epoch": 10, "trainer/global_step": 6649, "_timestamp": 1651232530, "_runtime": 647, "_step": 152, "val_loss": 0.05018949881196022, "val_corr": 0.008904268805552612, "val/mae": 0.05018898844718933, "val/payout": 0.04436839604334448, "val/spearman": 0.008873679208668897, "val/sharpe": 0.20799552485106174, "train/mae": 0.04995203763246536, "train/payout": 0.20551036292233948, "train/spearman": 0.041106306092619935, "train/sharpe": 1.0131975076556359, "_wandb": {"runtime": 648}}