{"train_loss": 0.8285929560661316, "train_loss_aux": 0.09842810034751892, "train_corr": 0.04420534450805328, "epoch": 3, "trainer/global_step": 607, "_timestamp": 1649626542, "_runtime": 169, "_step": 19, "val_loss": 0.05001416429877281, "val_corr": 0.009973165086224714, "val/mae": 0.05001460760831833, "val/payout": 0.04988890772941138, "val/spearman": 0.009977781545882278, "val/sharpe": 0.3460719501702603, "train/mae": 0.9686272144317627, "train/payout": 0.13751740682622982, "train/spearman": 0.027503481365245965, "train/sharpe": 1.2669197795503482, "_wandb": {"runtime": 167}}