{"train_loss": 0.05043131113052368, "train_loss_aux": 0.0, "train_corr": 0.08771897439747278, "epoch": 14, "trainer/global_step": 2279, "_timestamp": 1651241120, "_runtime": 862, "_step": 74, "val_loss": 0.050556108355522156, "val_corr": 0.012697261021272634, "val/mae": 0.0505564846098423, "val/payout": 0.06349008249936675, "val/spearman": 0.012698016499873347, "val/sharpe": 0.480119538931376, "train/mae": 0.04954812303185463, "train/payout": 0.4051613438048153, "train/spearman": 0.08394554730626518, "train/sharpe": 1.6314247478916357, "_wandb": {"runtime": 861}}