{"train_loss": 0.04987239092588425, "train_loss_aux": 0.0, "train_corr": 0.06177252200374483, "epoch": 13, "trainer/global_step": 2049, "_timestamp": 1651255929, "_runtime": 963, "_step": 66, "val_loss": 0.05280420556664467, "val_corr": 0.018194358088677476, "val/mae": 0.05280439555644989, "val/payout": 0.09098554106497933, "val/spearman": 0.018197108212995868, "val/sharpe": 0.6700541631761906, "train/mae": 0.04913809895515442, "train/payout": 0.5620222414397873, "train/spearman": 0.11627534067358777, "train/sharpe": 1.8560216133546408, "_wandb": {"runtime": 972}}