{"train_loss": 0.04959049075841904, "train_loss_aux": 0.0, "train_corr": 0.031071449273012364, "epoch": 7, "trainer/global_step": 1215, "_timestamp": 1651236953, "_runtime": 465, "_step": 39, "val_loss": 0.050167761743068695, "val_corr": 0.01656453023024899, "val/mae": 0.050168100744485855, "val/payout": 0.0828512491115641, "val/spearman": 0.01657024982231282, "val/sharpe": 0.5585636445356311, "train/mae": 0.04970419779419899, "train/payout": 0.3125720024557687, "train/spearman": 0.06436156707628753, "train/sharpe": 1.543788200788527, "_wandb": {"runtime": 464}}