{"train_loss": 0.050206542015075684, "train_loss_aux": 0.0, "train_corr": 0.035753245858557915, "epoch": 2, "trainer/global_step": 455, "_timestamp": 1651325277, "_runtime": 1298, "_step": 14, "val_loss": 0.05000270903110504, "val_corr": 0.005812048372836752, "val/mae": 0.05000315234065056, "val/payout": 0.029085905281007646, "val/spearman": 0.00581718105620153, "val/sharpe": 0.31691481745917327, "train/mae": 0.05014996603131294, "train/payout": -0.0005448138837968646, "train/spearman": -0.00010896277675937274, "train/sharpe": -0.006602895476295801, "_wandb": {"runtime": 1332}}