{"train_loss": 0.8454135656356812, "train_loss_aux": 0.0983639508485794, "train_corr": 0.03512665547655672, "epoch": 3, "trainer/global_step": 607, "_timestamp": 1649610574, "_runtime": 152, "_step": 19, "val_loss": 0.050033848732709885, "val_corr": 0.009948905983282148, "val/mae": 0.050034284591674805, "val/payout": 0.04973033441497381, "val/spearman": 0.009946066882994762, "val/sharpe": 0.3736594740401287, "train/mae": 0.9865732789039612, "train/payout": 0.15221150786811397, "train/spearman": 0.030831819505252087, "train/sharpe": 1.0918463266744445, "_wandb": {"runtime": 150}}