{"train_loss": 1.1898105144500732, "train_loss_aux": 0.0, "train_corr": 0.03667577103949972, "epoch": 4, "trainer/global_step": 759, "_timestamp": 1649626953, "_runtime": 136, "_step": 24, "val_loss": 0.05001485347747803, "val_corr": 0.0167586857841493, "val/mae": 0.050015226006507874, "val/payout": 0.08386545844115233, "val/spearman": 0.016773091688230466, "val/sharpe": 0.49422779797318006, "train/mae": 1.2106778621673584, "train/payout": 0.24279671009770054, "train/spearman": 0.04855934201954011, "train/sharpe": 1.8087476206974793, "_wandb": {"runtime": 135}}