{"train_loss": 0.049580447375774384, "train_loss_aux": 0.0, "train_corr": 0.07329016677154979, "epoch": 8, "trainer/global_step": 1299, "_timestamp": 1651259651, "_runtime": 742, "_step": 41, "val_loss": 0.052574992179870605, "val_corr": 0.01853809252708577, "val/mae": 0.05257502570748329, "val/payout": 0.09275357248469013, "val/spearman": 0.01855071449693802, "val/sharpe": 0.6228435538517452, "train/mae": 0.049436070024967194, "train/payout": 0.4713310410332894, "train/spearman": 0.0975615888261796, "train/sharpe": 1.721392286052649, "_wandb": {"runtime": 747}}