{"train_loss": 0.8597733974456787, "train_loss_aux": 0.09841001033782959, "train_corr": 0.03281118853649609, "epoch": 3, "trainer/global_step": 607, "_timestamp": 1649612135, "_runtime": 147, "_step": 19, "val_loss": 0.050022613257169724, "val_corr": 0.012448248814416375, "val/mae": 0.05002298206090927, "val/payout": 0.06232567144861142, "val/spearman": 0.012465134289722282, "val/sharpe": 0.40276665513797677, "train/mae": 0.9982373118400574, "train/payout": 0.14332012067976926, "train/spearman": 0.028947402602522137, "train/sharpe": 1.0665645242111592, "_wandb": {"runtime": 145}}