{"train_loss": 0.054547686129808426, "train_loss_aux": 0.0, "train_corr": 0.019129780259979474, "epoch": 7, "trainer/global_step": 16111, "_timestamp": 1651150184, "_runtime": 576, "_step": 337, "val_loss": 0.049988389015197754, "val_corr": -0.000611957223373406, "val/mae": 0.0499880351126194, "val/payout": -0.0030476747640957856, "val/spearman": -0.0006095349528191571, "val/sharpe": -0.0108270283050216, "train/mae": 0.05006017908453941, "train/payout": -0.004134018170879844, "train/spearman": -0.0008268036341759686, "train/sharpe": -0.014669281338619009, "_wandb": {"runtime": 574}}