{"train_loss": 0.051002487540245056, "train_loss_aux": 0.0, "train_corr": 0.06103243021641374, "epoch": 10, "trainer/global_step": 1649, "_timestamp": 1651084617, "_runtime": 301, "_step": 52, "val_loss": 0.050026338547468185, "val_corr": 0.014479111309859212, "val/mae": 0.050026800483465195, "val/payout": 0.07235114544262629, "val/spearman": 0.014470229088525254, "val/sharpe": 0.4679604440189702, "train/mae": 0.05003892257809639, "train/payout": 0.1436813350022087, "train/spearman": 0.02873626700044174, "train/sharpe": 1.532665009591237, "_wandb": {"runtime": 303}}