{"train_loss": 0.050565626472234726, "train_loss_aux": 0.0, "train_corr": 0.08958607170434534, "epoch": 7, "trainer/global_step": 1099, "_timestamp": 1651251422, "_runtime": 1381, "_step": 35, "val_loss": 0.052446816116571426, "val_corr": 0.01977822918452871, "val/mae": 0.05244680494070053, "val/payout": 0.09896325607146277, "val/spearman": 0.01979265121429255, "val/sharpe": 0.6426025297721358, "train/mae": 0.04972213879227638, "train/payout": 0.36287437145859297, "train/spearman": 0.07494094492826174, "train/sharpe": 1.4692712589361496, "_wandb": {"runtime": 1393}}