{"train_loss": 0.05098412558436394, "train_loss_aux": 0.0, "train_corr": 0.053034876794908765, "epoch": 10, "trainer/global_step": 1649, "_timestamp": 1651253033, "_runtime": 770, "_step": 52, "val_loss": 7.277688980102539, "val_corr": 0.01568338225239449, "val/mae": 7.277680397033691, "val/payout": 0.07839815953434569, "val/spearman": 0.01567963190686914, "val/sharpe": 0.4905542781682486, "train/mae": 0.04941892996430397, "train/payout": 0.45249298149713557, "train/spearman": 0.09370434803734173, "train/sharpe": 1.6470112730687914, "_wandb": {"runtime": 788}}