{"train_loss": 0.051172591745853424, "train_loss_aux": 0.0, "train_corr": -0.004572918926971431, "epoch": 10, "trainer/global_step": 1649, "_timestamp": 1651176537, "_runtime": 497, "_step": 52, "val_loss": 0.05003694072365761, "val_corr": -0.00031250925999381715, "val/mae": 0.05003736913204193, "val/payout": -0.001533176316808241, "val/spearman": -0.00030663526336164747, "val/sharpe": -0.022142413663276923, "train/mae": 0.04994205757975578, "train/payout": 0.0006147712666162971, "train/spearman": 0.00012295425332325963, "train/sharpe": 0.006709812813998903, "_wandb": {"runtime": 500}}