{"train_loss": 0.8613250851631165, "train_loss_aux": 0.09836091101169586, "train_corr": 0.038259719086066755, "epoch": 3, "trainer/global_step": 607, "_timestamp": 1649610043, "_runtime": 152, "_step": 19, "val_loss": 0.05003098025918007, "val_corr": 0.009408302367455742, "val/mae": 0.050031401216983795, "val/payout": 0.047058628613191794, "val/spearman": 0.009411725722638358, "val/sharpe": 0.3424374132400947, "train/mae": 1.0001895427703857, "train/payout": 0.15449583758297036, "train/spearman": 0.03132170661513123, "train/sharpe": 1.1030537617175984, "_wandb": {"runtime": 150}}