{"train_loss": 0.05037335306406021, "train_loss_aux": 0.0, "train_corr": -0.007159617367265723, "epoch": 18, "trainer/global_step": 2735, "_timestamp": 1649633005, "_runtime": 282, "_step": 89, "val_loss": 0.05002501234412193, "val_corr": 0.015715185853610723, "val/mae": 0.05002548173069954, "val/payout": 0.07856494306799247, "val/spearman": 0.0157129886135985, "val/sharpe": 0.5249437438173169, "train/mae": 0.04983166232705116, "train/payout": 0.22564806187482012, "train/spearman": 0.045129612374964025, "train/sharpe": 1.8070247881764638, "_wandb": {"runtime": 281}}