{"train_loss": 0.04991374909877777, "train_loss_aux": 0.0, "train_corr": 0.1280963834631382, "epoch": 14, "trainer/global_step": 2279, "_timestamp": 1651246413, "_runtime": 1055, "_step": 74, "val_loss": 0.05296749994158745, "val_corr": 0.017412126935348465, "val/mae": 0.052967824041843414, "val/payout": 0.08700317373130688, "val/spearman": 0.017400634746261377, "val/sharpe": 0.6124624912534654, "train/mae": 0.048933159559965134, "train/payout": 0.6298866259484531, "train/spearman": 0.1301996571374118, "train/sharpe": 1.980612681118388, "_wandb": {"runtime": 1054}}