{"train_loss": 0.04967440664768219, "train_loss_aux": 0.0, "train_corr": -0.030952196851057937, "epoch": 7, "trainer/global_step": 1215, "_timestamp": 1651178514, "_runtime": 411, "_step": 39, "val_loss": 0.05011235550045967, "val_corr": -0.00031250925999381715, "val/mae": 0.0501127690076828, "val/payout": -0.001533176316808241, "val/spearman": -0.00030663526336164747, "val/sharpe": -0.022142413663276923, "train/mae": 0.04994705319404602, "train/payout": 0.0006147712666162971, "train/spearman": 0.00012295425332325963, "train/sharpe": 0.006709812813998903, "_wandb": {"runtime": 415}}