{"train_loss": 0.8532545566558838, "train_loss_aux": 0.09931838512420654, "train_corr": 0.03078256791005106, "epoch": 5, "trainer/global_step": 911, "_timestamp": 1649616169, "_runtime": 283, "_step": 29, "val_loss": 0.050030555576086044, "val_corr": 0.004144794923792617, "val/mae": 0.05003096163272858, "val/payout": 0.020751992414092164, "val/spearman": 0.004150398482818433, "val/sharpe": 0.1303026726280988, "train/mae": 0.9755069613456726, "train/payout": 0.10683727011943896, "train/spearman": 0.021426760286438393, "train/sharpe": 0.8438561358434987, "_wandb": {"runtime": 282}}