{"train_loss": 0.049209121614694595, "train_loss_aux": 0.0, "train_corr": 0.037816529005998294, "epoch": 3, "trainer/global_step": 607, "_timestamp": 1651146279, "_runtime": 234, "_step": 19, "val_loss": 0.050066977739334106, "val_corr": 0.006183293297603619, "val/mae": 0.05006740242242813, "val/payout": 0.03090826843419563, "val/spearman": 0.006181653686839125, "val/sharpe": 0.1888637068455103, "train/mae": 0.04990643635392189, "train/payout": 0.12513615399536837, "train/spearman": 0.02502723079907368, "train/sharpe": 1.0355353116951649, "_wandb": {"runtime": 232}}