{"train_loss": 0.05071527883410454, "train_loss_aux": 0.0, "train_corr": 0.04564799247170614, "epoch": 4, "trainer/global_step": 759, "_timestamp": 1651085389, "_runtime": 169, "_step": 24, "val_loss": 0.04999769106507301, "val_corr": 0.00929041411867279, "val/mae": 0.04999809339642525, "val/payout": 0.04651818114036194, "val/spearman": 0.009303636228072388, "val/sharpe": 0.2971289629265644, "train/mae": 0.04988623410463333, "train/payout": 0.14306767445684374, "train/spearman": 0.028613534891368746, "train/sharpe": 1.1876972977281939, "_wandb": {"runtime": 168}}