{"train_loss": 0.049677327275276184, "train_loss_aux": 0.0, "train_corr": 0.01756984350355587, "epoch": 5, "trainer/global_step": 899, "_timestamp": 1651083604, "_runtime": 129, "_step": 27, "val_loss": 0.04999607801437378, "val_corr": 0.00792683064358758, "val/mae": 0.049996502697467804, "val/payout": 0.03962835755948177, "val/spearman": 0.007925671511896354, "val/sharpe": 0.2644644300600196, "train/mae": 0.04992140457034111, "train/payout": 0.09731684047739336, "train/spearman": 0.019463368095478672, "train/sharpe": 1.0508800172716632}