{"train_loss": 0.662983775138855, "train_loss_aux": 0.09850361943244934, "train_corr": 0.03267410938129602, "epoch": 3, "trainer/global_step": 607, "_timestamp": 1649611351, "_runtime": 375, "_step": 19, "val_loss": 0.05006488785147667, "val_corr": 0.010612573406866813, "val/mae": 0.050065264105796814, "val/payout": 0.0530817030554531, "val/spearman": 0.010616340611090623, "val/sharpe": 0.33497341017530413, "train/mae": 0.7927631139755249, "train/payout": 0.18642063178657275, "train/spearman": 0.03772789334886391, "train/sharpe": 1.3564385297600694, "_wandb": {"runtime": 374}}