{"train_loss": 0.049660731106996536, "train_loss_aux": 0.0, "train_corr": 0.02250373351565261, "epoch": 8, "trainer/global_step": 1215, "_timestamp": 1649634199, "_runtime": 155, "_step": 39, "val_loss": 0.05000019818544388, "val_corr": 0.007815138664090952, "val/mae": 0.0500006303191185, "val/payout": 0.039090374904186244, "val/spearman": 0.007818074980837251, "val/sharpe": 0.2599152605693151, "train/mae": 0.049887459725141525, "train/payout": 0.14553688351714741, "train/spearman": 0.029107376703429486, "train/sharpe": 1.2804010183886336, "_wandb": {"runtime": 154}}