{"train_loss": 0.05039993301033974, "train_loss_aux": 0.0, "train_corr": -0.009527151791587632, "epoch": 18, "trainer/global_step": 2735, "_timestamp": 1649633309, "_runtime": 294, "_step": 89, "val_loss": 0.05003459006547928, "val_corr": 0.015066826400650732, "val/mae": 0.050035033375024796, "val/payout": 0.07534385030390564, "val/spearman": 0.01506877006078113, "val/sharpe": 0.5089112441369356, "train/mae": 0.049833398312330246, "train/payout": 0.2270694633107488, "train/spearman": 0.04541389266214976, "train/sharpe": 1.7877627357667738, "_wandb": {"runtime": 291}}