{"train_loss": 1.3316516876220703, "train_loss_aux": 0.0, "train_corr": 0.04685653497052308, "epoch": 4, "trainer/global_step": 759, "_timestamp": 1649627096, "_runtime": 135, "_step": 24, "val_loss": 0.05000331252813339, "val_corr": 0.016612882000729336, "val/mae": 0.05000369995832443, "val/payout": 0.08311615038897406, "val/spearman": 0.016623230077794815, "val/sharpe": 0.503487704816005, "train/mae": 1.3569982051849365, "train/payout": 0.23208459614234758, "train/spearman": 0.04641691922846952, "train/sharpe": 1.6629693287917566, "_wandb": {"runtime": 133}}