{"train_loss": 1.2950880527496338, "train_loss_aux": 0.17646726965904236, "train_corr": 0.04464747565781105, "epoch": 5, "trainer/global_step": 911, "_timestamp": 1649606559, "_runtime": 203, "_step": 29, "val_loss": 0.05002674087882042, "val_corr": 0.012716788185596734, "val/mae": 0.05002714693546295, "val/payout": 0.06367401759187519, "val/spearman": 0.012734803518375037, "val/sharpe": 0.4572354211823631, "train/mae": 1.5060343742370605, "train/payout": 0.18987465328217296, "train/spearman": 0.0386262592685477, "train/sharpe": 1.2674204334504504, "_wandb": {"runtime": 200}}