{"train_loss": 0.04923553764820099, "train_loss_aux": 0.0, "train_corr": 0.03761530070877398, "epoch": 3, "trainer/global_step": 607, "_timestamp": 1651145141, "_runtime": 165, "_step": 19, "val_loss": 0.04999057203531265, "val_corr": 0.005229583661767111, "val/mae": 0.04999101161956787, "val/payout": 0.026127097991575827, "val/spearman": 0.005225419598315164, "val/sharpe": 0.1644392376712347, "train/mae": 0.049921996891498566, "train/payout": 0.11619588880712894, "train/spearman": 0.023239177761425787, "train/sharpe": 1.0431369127380699, "_wandb": {"runtime": 163}}