{"train_loss": 0.9698517918586731, "train_loss_aux": 0.10161849856376648, "train_corr": 0.02028588890175909, "epoch": 4, "trainer/global_step": 759, "_timestamp": 1649615625, "_runtime": 179, "_step": 24, "val_loss": 0.050027068704366684, "val_corr": 0.008604219011324712, "val/mae": 0.05002744868397713, "val/payout": 0.04309277087035041, "val/spearman": 0.008618554174070083, "val/sharpe": 0.28878382904347405, "train/mae": 1.1043871641159058, "train/payout": 0.15473448472130946, "train/spearman": 0.031112342671873502, "train/sharpe": 1.1672559538511382, "_wandb": {"runtime": 178}}