{"train_loss": 0.03770994767546654, "train_loss_aux": 0.0, "train_corr": 0.2559800858697974, "epoch": 49, "trainer/global_step": 30249, "_timestamp": 1651200937, "_runtime": 2646, "_step": 704, "val_loss": 0.05030709505081177, "val_corr": 0.008244118247475746, "val/mae": 0.0503065399825573, "val/payout": 0.04111926831876101, "val/spearman": 0.008223853663752204, "val/sharpe": 0.19046118571392442, "train/mae": 0.04992431774735451, "train/payout": 0.22275663922455122, "train/spearman": 0.044643856912463635, "train/sharpe": 1.0883320359748432, "_wandb": {"runtime": 2644}}