{"train_loss": 0.049971312284469604, "train_loss_aux": 0.0, "train_corr": 0.025016385579038628, "epoch": 18, "trainer/global_step": 1099, "_timestamp": 1651162515, "_runtime": 2652, "_step": 57, "val_loss": 0.04998811334371567, "val_corr": 0.0032815685925043614, "val/mae": 0.04998831823468208, "val/payout": 0.016342726972088648, "val/spearman": 0.0032685453944177297, "val/sharpe": 0.11949139737117541, "train/mae": 0.04999586567282677, "train/payout": 0.08138499077485128, "train/spearman": 0.016276998154970253, "train/sharpe": 1.3237473560926356, "_wandb": {"runtime": 2656}}