{"train_loss": 0.327096551656723, "train_loss_aux": 0.0, "train_corr": 0.03205920448759615, "epoch": 28, "trainer/global_step": 4407, "_timestamp": 1651285059, "_runtime": 2300, "_step": 145, "val_loss": 0.3050260543823242, "val_corr": -0.0013235390862620122, "val/mae": 0.3050388991832733, "val/payout": -0.00655414052286951, "val/spearman": -0.0013108281045739018, "val/sharpe": -0.08505528162326632, "train/mae": 0.30395612120628357, "train/payout": 0.010038657102339888, "train/spearman": 0.0020077314204679786, "train/sharpe": 0.12246717428431629}