{"train_loss": 0.04788905382156372, "train_loss_aux": 0.08813837915658951, "epoch": 2, "trainer/global_step": 303, "_timestamp": 1648822270, "_runtime": 52, "_step": 9, "val_loss": 0.05001693218946457, "val/mae": 0.05001739040017128, "val/payout": 0.052817630927013776, "val/spearman": 0.01056352618540276, "val/sharpe": 0.3436647860155347, "train/mae": 0.14192445576190948, "train/payout": 0.16316840449117267, "train/spearman": 0.03263368089823454, "train/sharpe": 1.6289070862511787, "_wandb": {"runtime": 50}}