{"train_loss": 0.048137929290533066, "train_loss_aux": 0.0, "train_corr": 0.09647304617907383, "epoch": 12, "trainer/global_step": 1975, "_timestamp": 1651257963, "_runtime": 945, "_step": 64, "val_loss": 0.05214610695838928, "val_corr": 0.01919569637369524, "val/mae": 0.05214626342058182, "val/payout": 0.0960186983691719, "val/spearman": 0.01920373967383438, "val/sharpe": 0.7086974016341413, "train/mae": 0.04913843795657158, "train/payout": 0.5591611429413765, "train/spearman": 0.11529271504233635, "train/sharpe": 1.9823859278432954, "_wandb": {"runtime": 946}}