{"train_loss": 0.050758033990859985, "train_loss_aux": 0.0, "train_corr": 0.031206473901499866, "epoch": 4, "trainer/global_step": 759, "_timestamp": 1651085553, "_runtime": 158, "_step": 24, "val_loss": 0.0500020831823349, "val_corr": 0.006223448820176876, "val/mae": 0.05000251531600952, "val/payout": 0.031131227505206756, "val/spearman": 0.006226245501041352, "val/sharpe": 0.20571835023419774, "train/mae": 0.04988685995340347, "train/payout": 0.14116678853039927, "train/spearman": 0.02854975733955601, "train/sharpe": 1.0761546887986724, "_wandb": {"runtime": 157}}