{"train_loss": 0.04992406815290451, "train_loss_aux": 0.0, "train_corr": -0.017305388884172733, "epoch": 29, "trainer/global_step": 4449, "_timestamp": 1651337766, "_runtime": 5014, "_step": 146, "val_loss": 0.050183843821287155, "val_corr": -0.0006525142629093434, "val/mae": 0.05018426850438118, "val/payout": -0.003328663612896031, "val/spearman": -0.0006657327225792063, "val/sharpe": -0.044315756422431664, "train/mae": 0.049953822046518326, "train/payout": 0.0035057731053225634, "train/spearman": 0.0007011546210645128, "train/sharpe": 0.045239671444967704, "_wandb": {"runtime": 5042}}