{"train_loss": 0.05074549838900566, "train_loss_aux": 0.0, "train_corr": 0.04067166925583445, "epoch": 4, "trainer/global_step": 759, "_timestamp": 1651145869, "_runtime": 291, "_step": 24, "val_loss": 0.05006714165210724, "val_corr": 0.006348488235765592, "val/mae": 0.050067562609910965, "val/payout": 0.03173612175983112, "val/spearman": 0.006347224351966222, "val/sharpe": 0.19481066045028092, "train/mae": 0.04990928992629051, "train/payout": 0.12995433540905243, "train/spearman": 0.02599086708181049, "train/sharpe": 1.0633303960212703, "_wandb": {"runtime": 290}}