{"train_loss": 0.05037113279104233, "train_loss_aux": 0.0, "train_corr": -0.006881552864980565, "epoch": 18, "trainer/global_step": 2735, "_timestamp": 1649631309, "_runtime": 291, "_step": 89, "val_loss": 0.05002422630786896, "val_corr": 0.01580475014626776, "val/mae": 0.050024691969156265, "val/payout": 0.07901103330454057, "val/spearman": 0.015802206660908116, "val/sharpe": 0.5260073847165853, "train/mae": 0.049831632524728775, "train/payout": 0.22542713697532354, "train/spearman": 0.045085427395064714, "train/sharpe": 1.8081632249189417, "_wandb": {"runtime": 290}}