{"train_loss": 0.05413292348384857, "train_loss_aux": 0.0, "train_corr": -0.0012508042671045896, "epoch": 4, "trainer/global_step": 759, "_timestamp": 1651085890, "_runtime": 170, "_step": 24, "val_loss": 0.050530556589365005, "val_corr": 0.004651729942855505, "val/mae": 0.05053088441491127, "val/payout": 0.02333458037158125, "val/spearman": 0.0046669160743162495, "val/sharpe": 0.20914875578549177, "train/mae": 0.05369231477379799, "train/payout": 0.029485925428367102, "train/spearman": 0.00589718508567342, "train/sharpe": 0.26635097371074423, "_wandb": {"runtime": 169}}