{"train_loss": 0.05080714449286461, "train_loss_aux": 0.0, "train_corr": 0.00748057311059882, "epoch": 4, "trainer/global_step": 759, "_timestamp": 1651327149, "_runtime": 1495, "_step": 24, "val_loss": 0.05022270604968071, "val_corr": 0.00019913558446378474, "val/mae": 0.05022304505109787, "val/payout": 0.0010193789508916263, "val/spearman": 0.0002038757901783249, "val/sharpe": 0.010690243023778353, "train/mae": 0.05007712543010712, "train/payout": 0.021701590285252776, "train/spearman": 0.004340318057050555, "train/sharpe": 0.25169865541185005, "_wandb": {"runtime": 1537}}