{"train_loss": 0.049663495272397995, "train_loss_aux": 0.0, "train_corr": -0.004259716668812142, "epoch": 5, "trainer/global_step": 899, "_timestamp": 1651179409, "_runtime": 304, "_step": 27, "val_loss": 0.05002459138631821, "val_corr": -0.00031250925999381715, "val/mae": 0.05002501979470253, "val/payout": -0.001533176316808241, "val/spearman": -0.00030663526336164747, "val/sharpe": -0.022142413663276923, "train/mae": 0.04993978142738342, "train/payout": 0.0006147712666162971, "train/spearman": 0.00012295425332325963, "train/sharpe": 0.006709812813998903, "_wandb": {"runtime": 314}}