{"train_loss": 0.04875727742910385, "train_loss_aux": 0.0, "train_corr": 0.08112138183474561, "epoch": 4, "trainer/global_step": 2999, "_timestamp": 1651233595, "_runtime": 297, "_step": 67, "val_loss": 0.05019061639904976, "val_corr": 0.014019123863153392, "val/mae": 0.05019020661711693, "val/payout": 0.0699658904462919, "val/spearman": 0.013993178089258382, "val/sharpe": 0.3478976372619398, "train/mae": 0.04992065951228142, "train/payout": 0.27006885124019175, "train/spearman": 0.05402570739560124, "train/sharpe": 1.3525867197420487, "_wandb": {"runtime": 308}}