{"train_loss": 0.04725353419780731, "train_loss_aux": 0.0, "train_corr": 0.10723026888335332, "epoch": 34, "trainer/global_step": 5299, "_timestamp": 1651267227, "_runtime": 1732, "_step": 173, "val_loss": 0.05056154727935791, "val_corr": 0.000575903102616246, "val/mae": 0.05056226998567581, "val/payout": 0.0027555456988138196, "val/spearman": 0.0005511091397627639, "val/sharpe": 0.03149988378308163, "train/mae": 0.048966944217681885, "train/payout": 0.6341873701383961, "train/spearman": 0.12877448271948722, "train/sharpe": 2.7841980765981793}