{"train_loss": 0.0530591681599617, "train_loss_aux": 0.0, "train_corr": 0.08067546434822184, "epoch": 13, "trainer/global_step": 8349, "_timestamp": 1651234444, "_runtime": 824, "_step": 192, "val_loss": 0.05158120021224022, "val_corr": 0.007343632327823279, "val/mae": 0.05158054083585739, "val/payout": 0.03667462706254647, "val/spearman": 0.007334925412509294, "val/sharpe": 0.19048563605266547, "train/mae": 0.04942440614104271, "train/payout": 0.43433944976150846, "train/spearman": 0.08727351138615215, "train/sharpe": 1.9498000917440153, "_wandb": {"runtime": 826}}