{"train_loss": 1.450252890586853, "train_loss_aux": 0.17606541514396667, "train_corr": 0.04166680962271721, "epoch": 1, "trainer/global_step": 303, "_timestamp": 1649605999, "_runtime": 54, "_step": 9, "val_loss": 0.04999345541000366, "val_corr": 0.014270963050796788, "val/mae": 0.04999382793903351, "val/payout": 0.07140185370201811, "val/spearman": 0.014280370740403624, "val/sharpe": 0.4072549284935373, "train/mae": 1.745211124420166, "train/payout": 0.20969835217398924, "train/spearman": 0.04193967043479784, "train/sharpe": 1.670819217347917, "_wandb": {"runtime": 53}}