{"train_loss": 0.9116905927658081, "train_loss_aux": 0.27242493629455566, "train_corr": 0.04226062546106041, "epoch": 3, "trainer/global_step": 607, "_timestamp": 1649608269, "_runtime": 162, "_step": 19, "val_loss": 0.05007229745388031, "val_corr": 0.00644172810049238, "val/mae": 0.050072673708200455, "val/payout": 0.032259819919210876, "val/spearman": 0.006451963983842173, "val/sharpe": 0.20251356483041297, "train/mae": 1.2353795766830444, "train/payout": 0.14876423371840786, "train/spearman": 0.030229634902138803, "train/sharpe": 1.06316666293396, "_wandb": {"runtime": 159}}