{"train_loss": 0.964036226272583, "train_loss_aux": 0.09842270612716675, "train_corr": 0.02601674556985441, "epoch": 3, "trainer/global_step": 607, "_timestamp": 1649610746, "_runtime": 164, "_step": 19, "val_loss": 0.05004462972283363, "val_corr": 0.0115992216961889, "val/mae": 0.05004504695534706, "val/payout": 0.0580192393266198, "val/spearman": 0.011603847865323959, "val/sharpe": 0.4172449838536974, "train/mae": 1.1038918495178223, "train/payout": 0.14461055928639754, "train/spearman": 0.02946258369477334, "train/sharpe": 1.0125691957558178, "_wandb": {"runtime": 162}}