{"train_loss": 0.04808584600687027, "train_loss_aux": 0.0, "train_corr": 0.0552466773731147, "epoch": 9, "trainer/global_step": 1519, "_timestamp": 1651249985, "_runtime": 737, "_step": 49, "val_loss": 0.05067484825849533, "val_corr": 0.01829222493472501, "val/mae": 0.0506751723587513, "val/payout": 0.09149756320719159, "val/spearman": 0.018299512641438316, "val/sharpe": 0.6117999644309887, "train/mae": 0.0499311238527298, "train/payout": 0.32934618855563597, "train/spearman": 0.06799472556019873, "train/sharpe": 1.5262189388038783, "_wandb": {"runtime": 741}}