{"train_loss": 0.3109005391597748, "train_loss_aux": 0.0, "train_corr": -0.01690201814854064, "epoch": 34, "trainer/global_step": 5299, "_timestamp": 1651273997, "_runtime": 2655, "_step": 173, "val_loss": 0.3232603073120117, "val_corr": -0.0007342940985013008, "val/mae": 0.32323071360588074, "val/payout": -0.0036700219857463893, "val/spearman": -0.0007340043971492777, "val/sharpe": -0.04955470461881051, "train/mae": 0.32589027285575867, "train/payout": 0.0001869794686355404, "train/spearman": 3.7395893727107996e-05, "train/sharpe": 0.0021444810858975705, "_wandb": {"runtime": 2681}}