{"train_loss": 0.05060192197561264, "train_loss_aux": 0.0, "train_corr": 0.06668290503766744, "epoch": 10, "trainer/global_step": 6654, "_timestamp": 1651195519, "_runtime": 574, "_step": 154, "val_loss": 0.05015266686677933, "val_corr": 0.0008951154052201768, "val/mae": 0.050152067095041275, "val/payout": 0.004534867958072417, "val/spearman": 0.0009069735916144835, "val/sharpe": 0.028405977228359355, "train/mae": 0.04994698613882065, "train/payout": 0.21814635148482175, "train/spearman": 0.043781058129216614, "train/sharpe": 1.297097791799883, "_wandb": {"runtime": 575}}