{"train_loss": 0.04991593956947327, "train_loss_aux": 0.0, "train_corr": 0.11846033697461757, "epoch": 10, "trainer/global_step": 1549, "_timestamp": 1651245283, "_runtime": 733, "_step": 50, "val_loss": 0.05133429914712906, "val_corr": 0.019085768276798747, "val/mae": 0.05133458971977234, "val/payout": 0.09545655871045708, "val/spearman": 0.019091311742091416, "val/sharpe": 0.6323786248760863, "train/mae": 0.04931462183594704, "train/payout": 0.504025903706121, "train/spearman": 0.10414065849199118, "train/sharpe": 1.8796517345350194, "_wandb": {"runtime": 745}}