{"train_loss": 0.05037018656730652, "train_loss_aux": 0.0, "train_corr": -0.0068622260533534535, "epoch": 18, "trainer/global_step": 2735, "_timestamp": 1649631008, "_runtime": 333, "_step": 89, "val_loss": 0.05002368614077568, "val_corr": 0.0158122159097138, "val/mae": 0.050024133175611496, "val/payout": 0.07904725869321684, "val/spearman": 0.01580945173864337, "val/sharpe": 0.5263310207670021, "train/mae": 0.049831945449113846, "train/payout": 0.22498821940253214, "train/spearman": 0.044997643880506435, "train/sharpe": 1.8085897118745449, "_wandb": {"runtime": 332}}