{"train_loss": 0.04992330074310303, "train_loss_aux": 0.0, "train_corr": 0.0034321044441001556, "epoch": 4, "trainer/global_step": 649, "_timestamp": 1651329856, "_runtime": 769, "_step": 20, "val_loss": 0.05003633722662926, "val_corr": -0.0009622667399488486, "val/mae": 0.05003673955798149, "val/payout": -0.00478066090957577, "val/spearman": -0.0009561321819151547, "val/sharpe": -0.05867893890826242, "train/mae": 0.04993775114417076, "train/payout": 0.0016865943316948357, "train/spearman": 0.00033731886633896733, "train/sharpe": 0.02020333108366253, "_wandb": {"runtime": 783}}