{"train_loss": 0.049991801381111145, "train_loss_aux": 0.0, "train_corr": -0.0032679273001741957, "epoch": 33, "trainer/global_step": 4049, "_timestamp": 1651159787, "_runtime": 4454, "_step": 146, "val_loss": 0.050105780363082886, "val_corr": 0.00502191172654867, "val/mae": 0.050106145441532135, "val/payout": 0.025092073918949947, "val/spearman": 0.005018414783789992, "val/sharpe": 0.16325821428097578, "train/mae": 0.050059158354997635, "train/payout": 0.10866055738247409, "train/spearman": 0.021732111476494814, "train/sharpe": 1.1161804689069228, "_wandb": {"runtime": 4472}}