{"train_loss": 0.037785470485687256, "train_loss_aux": 0.0, "train_corr": 0.2455831356033768, "epoch": 49, "trainer/global_step": 30249, "_timestamp": 1651198287, "_runtime": 2694, "_step": 704, "val_loss": 0.05030478909611702, "val_corr": 0.008370059205973317, "val/mae": 0.05030423775315285, "val/payout": 0.04175240443954686, "val/spearman": 0.008350480887909373, "val/sharpe": 0.19353785423652223, "train/mae": 0.049928341060876846, "train/payout": 0.22115098921501697, "train/spearman": 0.0443055418687941, "train/sharpe": 1.0871586169321121, "_wandb": {"runtime": 2692}}