{"train_loss": 0.04976643994450569, "train_loss_aux": 0.0, "train_corr": 0.12377996982139183, "epoch": 11, "trainer/global_step": 1799, "_timestamp": 1651242925, "_runtime": 632, "_step": 57, "val_loss": 0.05025449022650719, "val_corr": 0.0160338242873912, "val/mae": 0.05025482550263405, "val/payout": 0.08022107127236623, "val/spearman": 0.016044214254473253, "val/sharpe": 0.6255867946238997, "train/mae": 0.0495028980076313, "train/payout": 0.4123330706979991, "train/spearman": 0.08562755143671094, "train/sharpe": 1.5726775005361415, "_wandb": {"runtime": 641}}