{"train_loss": 0.04927535727620125, "train_loss_aux": 0.0, "train_corr": 3.439174534377712e-05, "epoch": 3, "trainer/global_step": 607, "_timestamp": 1651193210, "_runtime": 210, "_step": 19, "val_loss": 0.05038614943623543, "val_corr": -0.0005727955931776916, "val/mae": 0.05038659647107124, "val/payout": -0.002911759657346035, "val/spearman": -0.0005823519314692074, "val/sharpe": -0.037471044063470946, "train/mae": 0.04996446520090103, "train/payout": 0.06060596241840291, "train/spearman": 0.013147547205675908, "train/sharpe": 0.40945701851808436, "_wandb": {"runtime": 212}}