{"train_loss": 0.04957464709877968, "train_loss_aux": 0.0, "train_corr": 0.03220082557054389, "epoch": 7, "trainer/global_step": 1215, "_timestamp": 1651237427, "_runtime": 468, "_step": 39, "val_loss": 0.05019453540444374, "val_corr": 0.016457316486029973, "val/mae": 0.0501948781311512, "val/payout": 0.08231464496366253, "val/spearman": 0.01646292899273251, "val/sharpe": 0.5622710539520058, "train/mae": 0.04969092458486557, "train/payout": 0.32128744058196856, "train/spearman": 0.06641599713237312, "train/sharpe": 1.482745345965118, "_wandb": {"runtime": 466}}