{"train_loss": 0.8996338248252869, "train_loss_aux": 0.27237412333488464, "train_corr": 0.04760598077459975, "epoch": 3, "trainer/global_step": 607, "_timestamp": 1649608727, "_runtime": 169, "_step": 19, "val_loss": 0.05006442591547966, "val_corr": 0.007559579570264553, "val/mae": 0.05006479471921921, "val/payout": 0.037857218405776064, "val/spearman": 0.007571443681155211, "val/sharpe": 0.23623832154406005, "train/mae": 1.2225804328918457, "train/payout": 0.15769057192517513, "train/spearman": 0.03159034468324823, "train/sharpe": 1.2404966649825464, "_wandb": {"runtime": 166}}