{"train_loss": 1.2672771215438843, "train_loss_aux": 0.2751883864402771, "train_corr": 0.03188170169936859, "epoch": 4, "trainer/global_step": 759, "_timestamp": 1649607827, "_runtime": 197, "_step": 24, "val_loss": 0.05000108852982521, "val_corr": 0.009803386622477431, "val/mae": 0.050001490861177444, "val/payout": 0.04908594142341956, "val/spearman": 0.009817188284683913, "val/sharpe": 0.3453791559199324, "train/mae": 1.5970855951309204, "train/payout": 0.14096316482447435, "train/spearman": 0.02819263296489487, "train/sharpe": 1.3361121919442345, "_wandb": {"runtime": 195}}