{"train_loss": 0.05050259456038475, "train_loss_aux": 0.0, "train_corr": 0.07906480487938718, "epoch": 4, "trainer/global_step": 749, "_timestamp": 1651246782, "_runtime": 360, "_step": 22, "val_loss": 0.05013258010149002, "val_corr": 0.018207247861833472, "val/mae": 0.05013292282819748, "val/payout": 0.09107605337283557, "val/spearman": 0.018215210674567116, "val/sharpe": 0.5082380386752018, "train/mae": 0.04967182129621506, "train/payout": 0.3449803690326622, "train/spearman": 0.0697417486098109, "train/sharpe": 2.144252031126163, "_wandb": {"runtime": 377}}