{"train_loss": 0.14136411249637604, "train_loss_aux": 0.0, "train_corr": -0.02186944711212554, "epoch": 49, "trainer/global_step": 7599, "_timestamp": 1651282753, "_runtime": 3924, "_step": 251, "val_loss": 0.3000869154930115, "val_corr": 0.001392284315761902, "val/mae": 0.30007895827293396, "val/payout": 0.007005812494305376, "val/spearman": 0.0014011624988610753, "val/sharpe": 0.09000944589980449, "train/mae": 0.29954850673675537, "train/payout": -0.00580480105116129, "train/spearman": -0.0011609602102322582, "train/sharpe": -0.07209200794327661, "_wandb": {"runtime": 3923}}