{"train_loss": 0.6684161424636841, "train_loss_aux": 0.09849824011325836, "train_corr": 0.03807141818248235, "epoch": 3, "trainer/global_step": 607, "_timestamp": 1649611736, "_runtime": 379, "_step": 19, "val_loss": 0.05005163699388504, "val_corr": 0.011164019195087478, "val/mae": 0.050052061676979065, "val/payout": 0.05580763272876537, "val/spearman": 0.011161526545753074, "val/sharpe": 0.35557302755312625, "train/mae": 0.7978478670120239, "train/payout": 0.18284141743724378, "train/spearman": 0.03701205047899812, "train/sharpe": 1.335112877539486, "_wandb": {"runtime": 376}}