{"train_loss": 0.05173975229263306, "train_loss_aux": 0.0, "train_corr": 0.01048010704494513, "epoch": 7, "trainer/global_step": 4839, "_timestamp": 1651236389, "_runtime": 510, "_step": 111, "val_loss": 0.05013376101851463, "val_corr": 0.015320314599813903, "val/mae": 0.0501333512365818, "val/payout": 0.07647406915029135, "val/spearman": 0.015294813830058271, "val/sharpe": 0.366194860946653, "train/mae": 0.0498543456196785, "train/payout": 0.2953883791080396, "train/spearman": 0.059162501249750456, "train/sharpe": 1.4620812622492498, "_wandb": {"runtime": 509}}