{"train_loss": 0.05283747613430023, "train_loss_aux": 0.0, "train_corr": 0.002010979338101012, "epoch": 0, "trainer/global_step": 99, "_timestamp": 1651260704, "_runtime": 81, "_step": 1}