{"train_loss": 0.9116681814193726, "train_loss_aux": 0.09930592775344849, "train_corr": 0.030409853351619665, "epoch": 7, "trainer/global_step": 1215, "_timestamp": 1649625213, "_runtime": 387, "_step": 39, "val_loss": 0.050007164478302, "val_corr": 0.006515027526229418, "val/mae": 0.05000758171081543, "val/payout": 0.032629547352816514, "val/spearman": 0.006525909470563303, "val/sharpe": 0.2140392831412824, "train/mae": 1.0473880767822266, "train/payout": 0.13938806902051737, "train/spearman": 0.027877613804103467, "train/sharpe": 1.1753443658614835, "_wandb": {"runtime": 385}}