{"train_loss": 0.8090110421180725, "train_loss_aux": 0.101563461124897, "train_corr": 0.042307631911196984, "epoch": 4, "trainer/global_step": 759, "_timestamp": 1649624816, "_runtime": 237, "_step": 24, "val_loss": 0.05001934990286827, "val_corr": 0.009539776614936076, "val/mae": 0.05001971498131752, "val/payout": 0.047812104270609376, "val/spearman": 0.009562420854121874, "val/sharpe": 0.30566686688867245, "train/mae": 0.9358196258544922, "train/payout": 0.1396020888420848, "train/spearman": 0.028222665473218313, "train/sharpe": 1.0203362507646236, "_wandb": {"runtime": 236}}