{"train_loss": 0.04805534705519676, "train_loss_aux": 0.08870179951190948, "epoch": 2, "trainer/global_step": 303, "_timestamp": 1648822319, "_runtime": 43, "_step": 9, "val_loss": 0.05006333813071251, "val/mae": 0.05006381496787071, "val/payout": 0.02730541364002314, "val/spearman": 0.00546108272800463, "val/sharpe": 0.2449570793695435, "train/mae": 0.1429184526205063, "train/payout": 0.08569137805361145, "train/spearman": 0.017138275610722297, "train/sharpe": 0.8254383892631947, "_wandb": {"runtime": 43}}